{"outer": [56.6875, 51.8125, 57.949999999999996], "center": [13.124999999999996, 0, 0], "height": 6.0, "shape": [[0.05, 0.3], [0.333, 0.15000000000000002], [0.667, 0.025000000000000022], [0.8933333333333333, 0.0], [1.0, 0.0], [1.0, 0.14545454545454545], [1.0, 0.5], [1.0, 0.8545454545454545], [1.0, 1.0], [0.8933333333333333, 1.0], [0.667, 0.975], [0.333, 0.85], [0.05, 0.7], [0.0, 0.55], [0.0, 0.5], [0.0, 0.45]], "inner": [49.1875, 44.3125, 51.949999999999996], "z": 51.949999999999996}